<?xml version="1.0"?>

<config xmlns:xsi="http://www.w3.org/2001/XMLSchema-instance" xsi:noNamespaceSchemaLocation="urn:magento:framework:Acl/etc/acl.xsd">
    <acl>
        <resources>
            <resource id="Magento_Backend::admin">
                <resource id="Revechat_Widget::revechat" title="Revechat Widget" sortOrder="10" >
                    <resource id="Revechat_Widget::revechat_choose_widget" title="Setup" sortOrder="0" />
                </resource>
            </resource>
        </resources>
    </acl>
</config>